{
    "@odata.type":  "#microsoft.graph.windows10CompliancePolicy",
    "description":  "Assign this policy to all users including BYOD users. Windows compliance settings to apply with 24 hour grace period.",
    "displayName":  "Standard Windows 10 and later policy",
    "passwordRequired":  false,
    "passwordBlockSimple":  false,
    "passwordRequiredToUnlockFromIdle":  false,
    "passwordMinutesOfInactivityBeforeLock":  null,
    "passwordExpirationDays":  null,
    "passwordMinimumLength":  null,
    "passwordMinimumCharacterSetCount":  null,
    "passwordRequiredType":  "deviceDefault",
    "passwordPreviousPasswordBlockCount":  null,
    "requireHealthyDeviceReport":  false,
    "osMinimumVersion":  null,
    "osMaximumVersion":  null,
    "mobileOsMinimumVersion":  null,
    "mobileOsMaximumVersion":  null,
    "earlyLaunchAntiMalwareDriverEnabled":  false,
    "bitLockerEnabled":  true,
    "secureBootEnabled":  true,
    "codeIntegrityEnabled":  true,
    "storageRequireEncryption":  false,
    "activeFirewallRequired":  true,
    "defenderEnabled":  true,
    "defenderVersion":  null,
    "signatureOutOfDate":  true,
    "rtpEnabled":  true,
    "antivirusRequired":  true,
    "antiSpywareRequired":  true,
    "deviceThreatProtectionEnabled":  false,
    "deviceThreatProtectionRequiredSecurityLevel":  "unavailable",
    "configurationManagerComplianceRequired":  false,
    "tpmRequired":  true,
    "deviceCompliancePolicyScript":  null,
    "validOperatingSystemBuildRanges":  [

                                        ]
}
