{
    "@odata.type":  "#microsoft.graph.androidWorkProfileCompliancePolicy",
    "description":  "Use this policy for personally-owned Android devices",
    "displayName":  "Standard Android Personally-owned policy",
    "passwordRequired":  true,
    "passwordMinimumLength":  6,
    "passwordRequiredType":  "numericComplex",
    "requiredPasswordComplexity":  "none",
    "passwordMinutesOfInactivityBeforeLock":  5,
    "passwordExpirationDays":  null,
    "passwordPreviousPasswordBlockCount":  null,
    "passwordSignInFailureCountBeforeFactoryReset":  null,
    "securityPreventInstallAppsFromUnknownSources":  true,
    "securityDisableUsbDebugging":  false,
    "securityRequireVerifyApps":  false,
    "deviceThreatProtectionEnabled":  false,
    "deviceThreatProtectionRequiredSecurityLevel":  "unavailable",
    "advancedThreatProtectionRequiredSecurityLevel":  "unavailable",
    "securityBlockJailbrokenDevices":  true,
    "osMinimumVersion":  "8.0",
    "osMaximumVersion":  null,
    "minAndroidSecurityPatchLevel":  null,
    "storageRequireEncryption":  true,
    "securityRequireSafetyNetAttestationBasicIntegrity":  true,
    "securityRequireSafetyNetAttestationCertifiedDevice":  false,
    "securityRequireGooglePlayServices":  true,
    "securityRequireUpToDateSecurityProviders":  true,
    "securityRequireCompanyPortalAppIntegrity":  true,
    "securityRequiredAndroidSafetyNetEvaluationType":  "basic"
}
