{
    "@odata.type":  "#microsoft.graph.macOSCompliancePolicy",
    "description":  "This policy measures compliance for personally-owned or corporate-owned MacOS devices.",
    "displayName":  "Standard macOS policy",
    "passwordRequired":  true,
    "passwordBlockSimple":  true,
    "passwordExpirationDays":  null,
    "passwordMinimumLength":  9,
    "passwordMinutesOfInactivityBeforeLock":  5,
    "passwordPreviousPasswordBlockCount":  null,
    "passwordMinimumCharacterSetCount":  null,
    "passwordRequiredType":  "deviceDefault",
    "osMinimumVersion":  "10.13",
    "osMaximumVersion":  null,
    "osMinimumBuildVersion":  null,
    "osMaximumBuildVersion":  null,
    "systemIntegrityProtectionEnabled":  true,
    "deviceThreatProtectionEnabled":  false,
    "deviceThreatProtectionRequiredSecurityLevel":  "unavailable",
    "advancedThreatProtectionRequiredSecurityLevel":  "unavailable",
    "storageRequireEncryption":  true,
    "gatekeeperAllowedAppSource":  "macAppStoreAndIdentifiedDevelopers",
    "firewallEnabled":  true,
    "firewallBlockAllIncoming":  false,
    "firewallEnableStealthMode":  true
}
