{
    "@odata.context":  "https://graph.microsoft.com/beta/$metadata#deviceAppManagement/androidManagedAppProtections(apps())/$entity",
    "displayName":  "Standard MAM policy for Android",
    "description":  "This policy protects company data on Android devices",
    "version":  "\"f00a31c8-0000-0200-0000-63e1600f0000\"",
    "periodOfflineBeforeAccessCheck":  "PT12H",
    "periodOnlineBeforeAccessCheck":  "PT5M",
    "allowedInboundDataTransferSources":  "allApps",
    "allowedOutboundDataTransferDestinations":  "managedApps",
    "organizationalCredentialsRequired":  false,
    "allowedOutboundClipboardSharingLevel":  "managedAppsWithPasteIn",
    "dataBackupBlocked":  true,
    "deviceComplianceRequired":  true,
    "managedBrowserToOpenLinksRequired":  false,
    "saveAsBlocked":  true,
    "periodOfflineBeforeWipeIsEnforced":  "P90D",
    "pinRequired":  true,
    "maximumPinRetries":  5,
    "simplePinBlocked":  false,
    "minimumPinLength":  4,
    "pinCharacterSet":  "numeric",
    "periodBeforePinReset":  "PT0S",
    "allowedDataStorageLocations":  [
                                        "oneDriveForBusiness",
                                        "sharePoint"
                                    ],
    "contactSyncBlocked":  false,
    "printBlocked":  false,
    "fingerprintBlocked":  false,
    "disableAppPinIfDevicePinIsSet":  true,
    "maximumRequiredOsVersion":  null,
    "maximumWarningOsVersion":  null,
    "maximumWipeOsVersion":  null,
    "minimumRequiredOsVersion":  null,
    "minimumWarningOsVersion":  null,
    "minimumRequiredAppVersion":  null,
    "minimumWarningAppVersion":  null,
    "minimumWipeOsVersion":  null,
    "minimumWipeAppVersion":  null,
    "appActionIfDeviceComplianceRequired":  "block",
    "appActionIfMaximumPinRetriesExceeded":  "block",
    "pinRequiredInsteadOfBiometricTimeout":  "PT30M",
    "allowedOutboundClipboardSharingExceptionLength":  0,
    "notificationRestriction":  "allow",
    "previousPinBlockCount":  0,
    "managedBrowser":  "notConfigured",
    "maximumAllowedDeviceThreatLevel":  "notConfigured",
    "mobileThreatDefenseRemediationAction":  "block",
    "mobileThreatDefensePartnerPriority":  null,
    "blockDataIngestionIntoOrganizationDocuments":  false,
    "allowedDataIngestionLocations":  [
                                          "oneDriveForBusiness",
                                          "sharePoint",
                                          "camera",
                                          "photoLibrary"
                                      ],
    "appActionIfUnableToAuthenticateUser":  null,
    "dialerRestrictionLevel":  "allApps",
    "gracePeriodToBlockAppsDuringOffClockHours":  null,
    "isAssigned":  false,
    "targetedAppManagementLevels":  "unspecified",
    "appGroupType":  "allCoreMicrosoftApps",
    "screenCaptureBlocked":  false,
    "disableAppEncryptionIfDeviceEncryptionIsEnabled":  false,
    "encryptAppData":  true,
    "deployedAppCount":  13,
    "minimumRequiredPatchVersion":  "0000-00-00",
    "minimumWarningPatchVersion":  "0000-00-00",
    "minimumWipePatchVersion":  "0000-00-00",
    "allowedAndroidDeviceManufacturers":  null,
    "appActionIfAndroidDeviceManufacturerNotAllowed":  "block",
    "requiredAndroidSafetyNetDeviceAttestationType":  "none",
    "appActionIfAndroidSafetyNetDeviceAttestationFailed":  "block",
    "requiredAndroidSafetyNetAppsVerificationType":  "none",
    "appActionIfAndroidSafetyNetAppsVerificationFailed":  "block",
    "customBrowserPackageId":  "",
    "customBrowserDisplayName":  "",
    "minimumRequiredCompanyPortalVersion":  null,
    "minimumWarningCompanyPortalVersion":  null,
    "minimumWipeCompanyPortalVersion":  null,
    "keyboardsRestricted":  false,
    "allowedAndroidDeviceModels":  [

                                   ],
    "appActionIfAndroidDeviceModelNotAllowed":  "block",
    "customDialerAppPackageId":  "",
    "customDialerAppDisplayName":  "",
    "biometricAuthenticationBlocked":  false,
    "requiredAndroidSafetyNetEvaluationType":  "basic",
    "blockAfterCompanyPortalUpdateDeferralInDays":  0,
    "warnAfterCompanyPortalUpdateDeferralInDays":  0,
    "wipeAfterCompanyPortalUpdateDeferralInDays":  0,
    "deviceLockRequired":  false,
    "appActionIfDeviceLockNotSet":  "block",
    "connectToVpnOnLaunch":  false,
    "appActionIfDevicePasscodeComplexityLessThanLow":  null,
    "appActionIfDevicePasscodeComplexityLessThanMedium":  null,
    "appActionIfDevicePasscodeComplexityLessThanHigh":  null,
    "requireClass3Biometrics":  false,
    "requirePinAfterBiometricChange":  false,
    "fingerprintAndBiometricEnabled":  true,
    "exemptedAppPackages":  [

                            ],
    "approvedKeyboards":  [

                          ],
    "apps@odata.context":  "https://graph.microsoft.com/beta/$metadata#deviceAppManagement/androidManagedAppProtections(\u0027T_5f1787bb-2637-4d35-a75b-838e330f7b3c\u0027)/apps",
    "apps":  [
                 {
                     "id":  "com.microsoft.emmx.android",
                     "version":  "-725393251",
                     "mobileAppIdentifier":  {
                                                 "@odata.type":  "#microsoft.graph.androidMobileAppIdentifier",
                                                 "packageId":  "com.microsoft.emmx"
                                             }
                 },
                 {
                     "id":  "com.microsoft.office.excel.android",
                     "version":  "-1789826587",
                     "mobileAppIdentifier":  {
                                                 "@odata.type":  "#microsoft.graph.androidMobileAppIdentifier",
                                                 "packageId":  "com.microsoft.office.excel"
                                             }
                 },
                 {
                     "id":  "com.microsoft.office.officehub.android",
                     "version":  "-1091809935",
                     "mobileAppIdentifier":  {
                                                 "@odata.type":  "#microsoft.graph.androidMobileAppIdentifier",
                                                 "packageId":  "com.microsoft.office.officehub"
                                             }
                 },
                 {
                     "id":  "com.microsoft.office.officehubhl.android",
                     "version":  "-1175805259",
                     "mobileAppIdentifier":  {
                                                 "@odata.type":  "#microsoft.graph.androidMobileAppIdentifier",
                                                 "packageId":  "com.microsoft.office.officehubhl"
                                             }
                 },
                 {
                     "id":  "com.microsoft.office.officehubrow.android",
                     "version":  "-1861979965",
                     "mobileAppIdentifier":  {
                                                 "@odata.type":  "#microsoft.graph.androidMobileAppIdentifier",
                                                 "packageId":  "com.microsoft.office.officehubrow"
                                             }
                 },
                 {
                     "id":  "com.microsoft.office.onenote.android",
                     "version":  "186482170",
                     "mobileAppIdentifier":  {
                                                 "@odata.type":  "#microsoft.graph.androidMobileAppIdentifier",
                                                 "packageId":  "com.microsoft.office.onenote"
                                             }
                 },
                 {
                     "id":  "com.microsoft.office.outlook.android",
                     "version":  "1146701235",
                     "mobileAppIdentifier":  {
                                                 "@odata.type":  "#microsoft.graph.androidMobileAppIdentifier",
                                                 "packageId":  "com.microsoft.office.outlook"
                                             }
                 },
                 {
                     "id":  "com.microsoft.office.powerpoint.android",
                     "version":  "1411665537",
                     "mobileAppIdentifier":  {
                                                 "@odata.type":  "#microsoft.graph.androidMobileAppIdentifier",
                                                 "packageId":  "com.microsoft.office.powerpoint"
                                             }
                 },
                 {
                     "id":  "com.microsoft.office.word.android",
                     "version":  "2122351424",
                     "mobileAppIdentifier":  {
                                                 "@odata.type":  "#microsoft.graph.androidMobileAppIdentifier",
                                                 "packageId":  "com.microsoft.office.word"
                                             }
                 },
                 {
                     "id":  "com.microsoft.sharepoint.android",
                     "version":  "84773357",
                     "mobileAppIdentifier":  {
                                                 "@odata.type":  "#microsoft.graph.androidMobileAppIdentifier",
                                                 "packageId":  "com.microsoft.sharepoint"
                                             }
                 },
                 {
                     "id":  "com.microsoft.skydrive.android",
                     "version":  "1887770705",
                     "mobileAppIdentifier":  {
                                                 "@odata.type":  "#microsoft.graph.androidMobileAppIdentifier",
                                                 "packageId":  "com.microsoft.skydrive"
                                             }
                 },
                 {
                     "id":  "com.microsoft.teams.android",
                     "version":  "1900143244",
                     "mobileAppIdentifier":  {
                                                 "@odata.type":  "#microsoft.graph.androidMobileAppIdentifier",
                                                 "packageId":  "com.microsoft.teams"
                                             }
                 },
                 {
                     "id":  "com.microsoft.todos.android",
                     "version":  "1697858135",
                     "mobileAppIdentifier":  {
                                                 "@odata.type":  "#microsoft.graph.androidMobileAppIdentifier",
                                                 "packageId":  "com.microsoft.todos"
                                             }
                 }
             ],
    "@odata.type":  "#microsoft.graph.androidManagedAppProtection"
}
