{
    "@odata.type":  "#microsoft.graph.androidDeviceOwnerCompliancePolicy",
    "description":  "Use this policy for company-owned Android Enterprise devices",
    "displayName":  "Standard Android Company-owned policy",
    "deviceThreatProtectionEnabled":  false,
    "deviceThreatProtectionRequiredSecurityLevel":  "unavailable",
    "advancedThreatProtectionRequiredSecurityLevel":  null,
    "securityRequireSafetyNetAttestationBasicIntegrity":  true,
    "securityRequireSafetyNetAttestationCertifiedDevice":  false,
    "osMinimumVersion":  "8.0",
    "osMaximumVersion":  null,
    "minAndroidSecurityPatchLevel":  null,
    "passwordRequired":  true,
    "passwordMinimumLength":  6,
    "passwordMinimumLetterCharacters":  null,
    "passwordMinimumLowerCaseCharacters":  null,
    "passwordMinimumNonLetterCharacters":  null,
    "passwordMinimumNumericCharacters":  null,
    "passwordMinimumSymbolCharacters":  null,
    "passwordMinimumUpperCaseCharacters":  null,
    "passwordRequiredType":  "numeric",
    "passwordMinutesOfInactivityBeforeLock":  5,
    "passwordExpirationDays":  null,
    "passwordPreviousPasswordCountToBlock":  null,
    "storageRequireEncryption":  true,
    "securityRequireIntuneAppIntegrity":  null
}
