{
    "displayName": "CA3.01 Baseline - Require MFA for externals",
    "createdDateTime": null,
    "modifiedDateTime": null,
    "state": "disabled",
    "sessionControls": null,
    "conditions": {
        "signInRiskLevels": [],
        "clientAppTypes": null,
        "platforms": null,
        "locations": null,
        "deviceStates": null,
        "applications": {
            "includeApplications": [
                "All"
            ],
            "excludeApplications": [],
            "includeUserActions": []
        },
        "users": {
            "includeUsers": [
                "GuestsOrExternalUsers"
            ],
            "excludeUsers": [],
            "includeGroups": [],
            "excludeGroups": [
				"<EmergencyAccessGroup>"
			],
            "includeRoles": [],
            "excludeRoles": []
        }
    },
    "grantControls": {
        "operator": "OR",
        "builtInControls": [
            "mfa"
        ],
        "customAuthenticationFactors": [],
        "termsOfUse": []
    }
}